,EncryPatchName
0,_-38424.03898891542_-67207.57185665147.png
1,_10001.00000000002_10001.000000000031.png
2,_58426.03898891542_87209.57185665147.png
3,_10002.99999999998_10002.999999999969.png
4,_10004_10004.png
5,_10005_10005.png
6,_10006_10006.png
7,_10007_10007.png
8,_10008_10008.png
9,_10009_10009.png
10,_10010_10010.png
11,_10011_10011.png
12,_10012_10012.png
13,_10013_10013.png
14,_10014_10014.png
15,_10015_10015.png
16,_10016_10016.png
17,_10017_10017.png
18,_10018_10018.png
19,_10019_10019.png
20,_10020_10020.png
21,_10021_10021.png
22,_10022_10022.png
23,_10023_10023.png
24,_10024_10024.png
25,_10025_10025.png
26,_10026_10026.png
27,_10027_10027.png
28,_10028_10028.png
29,_10029_10029.png
30,_10030_10030.png
31,_10031_10031.png
32,_10032_10032.png
33,_10033_10033.png
34,_10034_10034.png
35,_10035_10035.png
36,_10036_10036.png
37,_10037_10037.png
38,_10038_10038.png
39,_10039_10039.png
40,_10040_10040.png
41,_10041_10041.png
42,_10042_10042.png
43,_10043_10043.png
44,_10044_10044.png
45,_10045_10045.png
46,_10046_10046.png
47,_10047_10047.png
48,_10048_10048.png
49,_10049_10049.png
50,_10050_10050.png
51,_10051_10051.png
52,_10052_10052.png
53,_10053_10053.png
54,_10054_10054.png
55,_10055_10055.png
56,_10056_10056.png
57,_10057_10057.png
58,_10058_10058.png
59,_10059_10059.png
60,_10060_10060.png
61,_10061_10061.png
62,_10062_10062.png
63,_10063_10063.png
64,_10064_10064.png
65,_10065_10065.png
66,_10066_10066.png
67,_10067_10067.png
68,_10068_10068.png
69,_10069_10069.png
70,_10070_10070.png
71,_10071_10071.png
72,_10072_10072.png
73,_10073_10073.png
74,_10074_10074.png
75,_10075_10075.png
76,_10076_10076.png
77,_10077_10077.png
78,_10078_10078.png
79,_10079_10079.png
80,_10080_10080.png
81,_10081_10081.png
82,_10082_10082.png
83,_10083_10083.png
84,_10084_10084.png
85,_10085_10085.png
86,_10086_10086.png
87,_10087_10087.png
88,_10088_10088.png
89,_10089_10089.png
90,_10090_10090.png
91,_10091_10091.png
92,_10092_10092.png
93,_10093_10093.png
94,_10094_10094.png
95,_10095_10095.png
96,_10096_10096.png
97,_10097_10097.png
98,_10098_10098.png
99,_10099_10099.png
100,_10100_10100.png
101,_10101_10101.png
102,_10102_10102.png
103,_10103_10103.png
104,_10104_10104.png
105,_10105_10105.png
106,_10106_10106.png
107,_10107_10107.png
108,_10108_10108.png
109,_10109_10109.png
110,_10110_10110.png
111,_10111_10111.png
112,_10112_10112.png
113,_10113_10113.png
114,_10114_10114.png
115,_10115_10115.png
116,_10116_10116.png
117,_10117_10117.png
118,_10118_10118.png
119,_10119_10119.png
120,_10120_10120.png
121,_10121_10121.png
122,_10122_10122.png
123,_10123_10123.png
124,_10124_10124.png
125,_10125_10125.png
126,_10126_10126.png
127,_10127_10127.png
128,_10128_10128.png
129,_10129_10129.png
130,_10130_10130.png
131,_10131_10131.png
132,_10132_10132.png
133,_10133_10133.png
134,_10134_10134.png
135,_10135_10135.png
136,_10136_10136.png
137,_10137_10137.png
138,_10138_10138.png
139,_10139_10139.png
140,_10140_10140.png
141,_10141_10141.png
142,_10142_10142.png
143,_10143_10143.png
144,_10144_10144.png
145,_10145_10145.png
146,_10146_10146.png
147,_10147_10147.png
148,_10148_10148.png
149,_10149_10149.png
150,_10150_10150.png
151,_10151_10151.png
152,_10152_10152.png
153,_10153_10153.png
154,_10154_10154.png
155,_10155_10155.png
156,_10156_10156.png
157,_10157_10157.png
158,_10158_10158.png
159,_10159_10159.png
160,_10160_10160.png
161,_10161_10161.png
162,_10162_10162.png
163,_10163_10163.png
164,_10164_10164.png
165,_10165_10165.png
166,_10166_10166.png
167,_10167_10167.png
168,_10168_10168.png
169,_10169_10169.png
170,_10170_10170.png
171,_10171_10171.png
172,_10172_10172.png
173,_10173_10173.png
174,_10174_10174.png
175,_10175_10175.png
176,_10176_10176.png
177,_10177_10177.png
178,_10178_10178.png
179,_10179_10179.png
180,_10180_10180.png
181,_10181_10181.png
182,_10182_10182.png
183,_10183_10183.png
184,_10184_10184.png
185,_10185_10185.png
186,_10186_10186.png
187,_10187_10187.png
188,_10188_10188.png
189,_10189_10189.png
190,_10190_10190.png
191,_10191_10191.png
192,_10192_10192.png
193,_10193_10193.png
194,_10194_10194.png
195,_10195_10195.png
196,_10196_10196.png
197,_10197_10197.png
198,_10198_10198.png
199,_10199_10199.png
200,_10200_10200.png
201,_10201_10201.png
